{"cameraMode":{"drawMode":0,"name":"Shaded","section":"Shading Mode"},"sceneLighting":false,"audioPlay":false,"sceneViewState":{"showFog":true,"showMaterialUpdate":false,"showSkybox":false,"showFlares":true,"showImageEffects":true,"showParticleSystems":true},"in2DMode":false,"pivot":{"x":-4.21999979019165,"y":6.630000114440918,"z":0.0},"rotation":{"x":0.004499576520174742,"y":0.013499444350600243,"z":-0.00006074813427403569,"w":0.9998986721038818},"size":2.8578836917877199,"orthographic":true}